candidate_id,gender,age,department,education_level,years_experience,interview_score,previous_companies,referral,apply_date,hired
1,male,38,Marketing,3,14,52,5,1,2025-09-18 00:55:49.325250,1
2,female,30,Sales,3,14,73,2,0,2025-12-06 00:55:49.325250,0
3,male,54,Sales,2,3,54,2,0,2025-08-09 00:55:49.325250,0
4,male,41,HR,3,8,52,7,0,2025-11-12 00:55:49.325250,0
5,male,34,Engineering,4,25,76,7,0,2025-12-20 00:55:49.325250,1
6,female,49,Marketing,2,18,65,6,1,2025-11-27 00:55:49.325250,1
7,male,50,Sales,4,23,98,3,0,2025-10-03 00:55:49.325250,1
8,male,34,HR,2,16,64,3,1,2025-08-11 00:55:49.325250,0
9,male,56,Sales,2,10,84,2,0,2025-08-03 00:55:49.325250,0
10,female,27,Marketing,2,24,61,4,0,2025-07-15 00:55:49.325250,0
11,male,39,Marketing,3,8,90,2,1,2025-10-21 00:55:49.325250,1
12,male,26,Finance,3,9,93,7,0,2025-10-25 00:55:49.325250,1
13,male,46,Engineering,2,17,75,6,0,2026-01-04 00:55:49.325250,1
14,male,23,Finance,2,19,96,2,0,2025-07-14 00:55:49.325250,1
15,female,31,HR,3,12,83,8,1,2025-09-04 00:55:49.325250,1
16,male,51,Sales,1,7,72,4,0,2025-07-18 00:55:49.325250,0
17,female,26,HR,3,6,80,8,0,2025-10-27 00:55:49.325250,0
18,female,54,Marketing,3,16,99,6,0,2025-12-27 00:55:49.325250,1
19,female,22,Finance,2,20,69,6,0,2025-11-12 00:55:49.325250,0
20,male,39,Finance,4,22,61,5,1,2025-07-14 00:55:49.325250,1
21,female,53,Finance,2,14,72,1,0,2025-10-31 00:55:49.325250,0
22,male,32,HR,4,19,53,8,0,2025-07-14 00:55:49.325250,1
23,female,42,Marketing,3,14,72,5,0,2025-10-13 00:55:49.325250,0
24,female,47,Sales,3,0,97,7,0,2025-10-21 00:55:49.325250,0
25,female,46,Sales,2,24,97,0,1,2025-10-17 00:55:49.325250,1
26,female,43,HR,3,13,50,4,0,2025-10-31 00:55:49.325250,0
27,female,48,Finance,2,4,74,0,1,2025-07-18 00:55:49.325250,0
28,female,34,Engineering,2,10,51,7,0,2025-11-16 00:55:49.325250,0
29,female,54,HR,1,15,79,7,0,2025-10-24 00:55:49.325250,0
30,female,55,HR,2,1,52,0,1,2025-12-06 00:55:49.325250,0
31,male,56,Marketing,2,7,70,8,0,2025-12-14 00:55:49.325250,1
32,male,22,Sales,3,10,74,1,1,2025-07-13 00:55:49.325250,1
33,female,42,HR,3,17,69,8,1,2025-08-14 00:55:49.325250,1
34,female,27,HR,1,2,98,0,0,2025-08-21 00:55:49.325250,0
35,female,49,Finance,3,25,71,8,0,2025-08-13 00:55:49.325250,1
36,male,38,Finance,2,0,70,3,1,2025-07-29 00:55:49.325250,0
37,female,26,Engineering,3,10,82,8,0,2025-11-15 00:55:49.325250,1
38,male,52,Marketing,3,15,87,6,0,2025-07-20 00:55:49.325250,1
39,male,26,Engineering,2,17,64,5,0,2025-09-07 00:55:49.325250,1
40,male,59,Finance,3,15,95,4,0,2025-08-23 00:55:49.325250,0
41,male,24,Sales,2,22,64,8,1,2025-10-18 00:55:49.325250,1
42,male,44,Finance,2,9,95,1,0,2025-11-26 00:55:49.325250,0
43,female,58,Marketing,3,17,74,1,0,2025-11-09 00:55:49.325250,0
44,female,58,Finance,2,5,70,8,0,2025-10-07 00:55:49.325250,0
45,female,31,Marketing,2,18,73,2,0,2025-12-22 00:55:49.325250,0
46,female,31,Marketing,2,3,54,7,0,2025-09-04 00:55:49.325250,0
47,female,40,Marketing,3,12,55,8,1,2025-10-04 00:55:49.325250,1
48,male,38,Marketing,2,23,98,7,0,2025-08-06 00:55:49.325250,1
49,female,42,Marketing,2,13,92,3,1,2025-09-17 00:55:49.325250,1
50,female,35,Sales,3,2,97,0,1,2026-01-02 00:55:49.325250,1
51,male,30,Engineering,3,9,93,3,0,2025-12-11 00:55:49.325250,1
52,female,22,HR,2,5,96,8,0,2025-08-27 00:55:49.325250,0
53,male,34,Engineering,2,0,72,1,0,2025-08-03 00:55:49.325250,0
54,female,25,Marketing,2,22,53,2,0,2025-11-28 00:55:49.325250,0
55,male,22,Sales,2,23,76,7,1,2026-01-04 00:55:49.325250,1
56,female,53,Finance,2,13,67,5,1,2025-07-20 00:55:49.325250,1
57,female,55,Sales,3,7,70,7,0,2025-08-20 00:55:49.325250,0
58,male,49,Marketing,3,18,77,6,0,2025-12-22 00:55:49.325250,1
59,male,52,Sales,3,13,84,4,1,2025-08-30 00:55:49.325250,1
60,male,29,Sales,2,9,71,8,1,2025-08-27 00:55:49.325250,1
61,male,60,Marketing,3,16,89,3,0,2025-08-19 00:55:49.325250,0
62,male,47,Sales,2,8,72,5,0,2025-11-25 00:55:49.325250,1
63,male,55,HR,4,5,52,1,0,2025-09-04 00:55:49.325250,1
64,male,24,HR,3,10,89,1,1,2025-12-24 00:55:49.325250,1
65,male,33,Sales,2,24,99,1,0,2025-10-12 00:55:49.325250,1
66,female,22,Finance,3,6,59,6,0,2025-08-21 00:55:49.325250,0
67,female,26,Marketing,2,16,74,1,0,2025-08-15 00:55:49.325250,0
68,male,51,HR,3,0,98,1,0,2025-10-16 00:55:49.325250,0
69,female,51,Finance,1,21,57,8,0,2025-09-29 00:55:49.325250,0
70,female,38,Sales,2,4,60,6,1,2025-11-16 00:55:49.325250,0
71,female,44,Finance,3,8,54,2,0,2025-07-29 00:55:49.325250,0
72,female,36,Engineering,2,17,94,2,0,2025-12-20 00:55:49.325250,1
73,male,58,HR,3,23,86,6,0,2026-01-03 00:55:49.325250,1
74,female,42,Sales,2,20,94,4,0,2025-10-30 00:55:49.325250,1
75,male,35,Marketing,3,1,87,5,0,2025-09-02 00:55:49.325250,1
76,female,23,Sales,3,25,78,7,0,2025-11-07 00:55:49.325250,1
77,female,32,Marketing,2,10,54,8,0,2025-07-21 00:55:49.325250,0
78,female,60,Sales,2,5,58,0,0,2025-08-14 00:55:49.325250,0
79,male,59,Finance,2,25,97,2,0,2025-11-02 00:55:49.325250,1
80,female,55,Finance,1,7,51,6,0,2025-12-08 00:55:49.325250,0
81,male,59,Finance,2,3,50,5,1,2025-10-05 00:55:49.325250,0
82,female,55,Engineering,3,17,89,6,1,2025-07-22 00:55:49.325250,1
83,male,39,Marketing,4,10,100,7,0,2025-07-18 00:55:49.325250,1
84,female,51,Finance,3,4,79,5,0,2025-11-04 00:55:49.325250,0
85,male,36,Engineering,3,14,60,2,1,2025-11-10 00:55:49.325250,1
86,male,48,Marketing,3,17,77,1,0,2025-11-30 00:55:49.325250,0
87,female,55,Sales,3,1,93,6,1,2025-09-15 00:55:49.325250,1
88,male,59,Engineering,2,21,61,0,1,2025-08-01 00:55:49.325250,1
89,female,54,HR,4,10,88,2,0,2025-09-07 00:55:49.325250,1
90,female,45,Engineering,3,25,75,3,0,2025-08-27 00:55:49.325250,0
91,female,36,Engineering,2,24,62,0,1,2025-11-25 00:55:49.325250,1
92,female,51,Marketing,2,12,57,4,0,2025-07-22 00:55:49.325250,0
93,female,38,Sales,2,3,77,2,0,2025-11-02 00:55:49.325250,0
94,female,26,HR,2,21,79,1,0,2025-11-28 00:55:49.325250,1
95,female,50,Finance,3,6,58,2,0,2025-07-24 00:55:49.325250,0
96,female,25,Finance,2,10,88,7,0,2025-11-27 00:55:49.325250,0
97,female,31,Engineering,2,21,80,5,1,2025-12-12 00:55:49.325250,1
98,female,38,Marketing,4,23,70,6,1,2026-01-05 00:55:49.325250,1
99,female,31,Marketing,2,3,96,5,0,2026-01-05 00:55:49.325250,0
100,male,38,Finance,2,14,83,5,0,2025-07-23 00:55:49.325250,1
101,male,41,HR,1,0,80,2,0,2025-11-07 00:55:49.325250,0
102,female,45,Sales,3,22,74,7,0,2025-12-23 00:55:49.325250,0
103,female,26,HR,4,2,61,6,0,2025-08-20 00:55:49.325250,0
104,female,55,Sales,2,13,50,6,1,2025-09-03 00:55:49.325250,0
105,female,27,Finance,3,5,71,5,1,2025-09-06 00:55:49.325250,0
106,female,23,Sales,2,17,89,4,0,2025-10-24 00:55:49.325250,0
107,female,34,Marketing,4,24,86,7,0,2025-11-18 00:55:49.325250,1
108,female,32,Engineering,3,0,96,4,0,2025-09-06 00:55:49.325250,0
109,female,44,Engineering,3,5,50,8,0,2025-11-07 00:55:49.325250,0
110,male,37,Finance,1,5,50,8,0,2025-11-21 00:55:49.325250,0
111,female,52,Marketing,4,20,91,0,0,2025-08-11 00:55:49.325250,1
112,male,32,HR,3,15,91,5,1,2025-07-24 00:55:49.325250,1
113,female,37,Marketing,2,4,70,6,0,2025-08-16 00:55:49.325250,0
114,female,29,Engineering,3,16,64,2,0,2025-09-27 00:55:49.325250,1
115,male,25,Engineering,2,9,66,6,1,2026-01-08 00:55:49.325250,1
116,female,25,Marketing,3,20,71,6,0,2025-12-18 00:55:49.325250,1
117,male,46,Marketing,2,17,87,1,0,2025-10-22 00:55:49.325250,1
118,female,24,Engineering,3,6,84,6,0,2025-10-07 00:55:49.325250,0
119,female,53,HR,2,2,94,0,0,2025-09-02 00:55:49.325250,0
120,male,24,Finance,1,12,65,4,1,2025-09-30 00:55:49.325250,1
121,female,48,Finance,2,14,57,8,0,2025-11-24 00:55:49.325250,1
122,male,50,Marketing,1,19,96,6,1,2025-08-03 00:55:49.325250,1
123,female,53,Finance,2,18,66,6,0,2025-09-25 00:55:49.325250,0
124,male,40,Engineering,2,2,66,1,0,2025-09-08 00:55:49.325250,0
125,male,42,Engineering,2,3,75,7,1,2025-10-13 00:55:49.325250,1
126,female,26,Marketing,2,4,62,2,0,2025-10-23 00:55:49.325250,0
127,female,39,Marketing,2,0,66,7,0,2025-11-29 00:55:49.325250,0
128,male,49,Marketing,3,3,87,2,0,2025-07-19 00:55:49.325250,0
129,female,43,HR,1,11,66,6,0,2025-11-17 00:55:49.325250,0
130,female,42,Finance,4,23,97,1,0,2025-09-05 00:55:49.325250,1
131,female,27,Marketing,3,9,63,3,0,2025-10-26 00:55:49.325250,1
132,male,22,Sales,3,22,94,5,0,2025-09-12 00:55:49.325250,1
133,male,26,Sales,2,24,55,8,0,2025-10-10 00:55:49.325250,0
134,male,33,Engineering,3,20,84,4,1,2025-10-18 00:55:49.325250,1
135,male,47,Finance,2,25,95,8,0,2025-09-27 00:55:49.325250,1
136,male,55,Marketing,1,19,63,4,1,2025-11-08 00:55:49.325250,1
137,male,35,Sales,2,23,96,7,0,2025-08-17 00:55:49.325250,1
138,male,47,Finance,3,24,57,0,0,2025-10-09 00:55:49.325250,0
139,male,48,Engineering,1,12,64,6,1,2025-12-11 00:55:49.325250,1
140,male,30,HR,2,22,76,3,0,2025-12-31 00:55:49.325250,1
141,female,47,Finance,4,13,62,4,1,2025-12-04 00:55:49.325250,1
142,male,43,Finance,3,22,98,5,0,2025-11-19 00:55:49.325250,1
143,female,51,HR,2,4,80,4,0,2025-11-30 00:55:49.325250,1
144,female,38,Finance,1,3,84,0,0,2025-12-18 00:55:49.325250,0
145,female,47,Engineering,3,13,55,8,0,2025-10-13 00:55:49.325250,0
146,male,57,Engineering,2,9,54,1,1,2025-11-03 00:55:49.325250,1
147,male,22,HR,2,16,71,8,0,2025-08-09 00:55:49.325250,1
148,male,29,Marketing,1,9,98,1,1,2025-12-14 00:55:49.325250,0
149,male,56,Sales,4,25,72,8,1,2025-12-02 00:55:49.325250,1
150,female,36,Marketing,3,6,74,5,0,2025-08-14 00:55:49.325250,0
151,male,43,Finance,3,15,83,8,0,2025-08-01 00:55:49.325250,1
152,male,35,Sales,3,0,75,5,1,2025-12-29 00:55:49.325250,1
153,male,47,HR,2,16,96,5,1,2025-11-29 00:55:49.325250,1
154,male,49,HR,2,20,54,1,0,2025-10-21 00:55:49.325250,0
155,male,44,Sales,2,8,75,7,0,2025-08-04 00:55:49.325250,1
156,female,35,Engineering,2,5,69,2,0,2025-11-01 00:55:49.325250,0
157,male,45,Sales,2,18,55,6,0,2025-07-26 00:55:49.325250,0
158,female,23,Finance,3,12,55,4,0,2025-10-11 00:55:49.325250,0
159,male,47,Engineering,3,2,99,2,1,2025-12-12 00:55:49.325250,1
160,female,35,HR,3,6,67,0,0,2025-09-27 00:55:49.325250,0
161,male,28,Sales,2,21,53,7,0,2025-10-05 00:55:49.325250,0
162,male,24,Marketing,3,8,66,2,0,2025-10-29 00:55:49.325250,0
163,female,44,Marketing,3,21,63,1,0,2025-08-12 00:55:49.325250,1
164,female,39,Finance,2,4,63,0,0,2025-11-11 00:55:49.325250,0
165,female,59,Marketing,3,9,62,3,0,2025-10-27 00:55:49.325250,0
166,male,56,Sales,2,22,56,7,0,2025-09-04 00:55:49.325250,0
167,female,36,Sales,2,16,93,2,0,2025-11-22 00:55:49.325250,1
168,male,46,Marketing,2,11,64,0,0,2025-11-30 00:55:49.325250,0
169,male,58,Sales,2,22,68,3,1,2025-12-15 00:55:49.325250,1
170,female,49,Finance,2,15,92,8,0,2025-08-24 00:55:49.325250,1
171,female,31,Engineering,3,2,96,0,0,2025-10-09 00:55:49.325250,0
172,male,60,Finance,4,24,93,1,0,2025-11-04 00:55:49.325250,1
173,male,38,Finance,3,21,84,8,1,2025-10-19 00:55:49.325250,1
174,female,60,Sales,3,8,66,1,0,2025-08-28 00:55:49.325250,0
175,female,43,Engineering,2,14,84,2,0,2025-09-21 00:55:49.325250,0
176,female,47,Sales,3,4,68,6,1,2025-12-25 00:55:49.325250,1
177,male,46,HR,1,22,69,2,0,2025-09-17 00:55:49.325250,0
178,male,38,Sales,2,12,85,8,0,2025-09-12 00:55:49.325250,1
179,male,34,Sales,2,13,84,5,0,2025-10-29 00:55:49.325250,1
180,male,41,Sales,2,19,81,2,0,2025-12-26 00:55:49.325250,1
181,male,46,Engineering,1,14,97,8,0,2025-08-18 00:55:49.325250,0
182,male,25,Sales,2,15,93,0,1,2025-11-08 00:55:49.325250,1
183,female,31,Engineering,2,22,89,2,0,2025-10-06 00:55:49.325250,0
184,male,24,Marketing,4,12,73,0,1,2025-11-15 00:55:49.325250,1
185,male,39,HR,2,16,66,1,0,2025-11-25 00:55:49.325250,1
186,male,57,Engineering,2,22,56,7,1,2025-09-02 00:55:49.325250,1
187,female,43,Marketing,2,7,92,6,0,2025-10-11 00:55:49.325250,1
188,male,55,Engineering,3,20,99,1,0,2025-08-14 00:55:49.325250,1
189,male,29,Engineering,2,1,50,1,0,2025-10-01 00:55:49.325250,0
190,female,40,HR,2,4,84,8,1,2025-08-23 00:55:49.325250,0
191,male,58,Finance,2,5,81,5,0,2025-11-01 00:55:49.325250,0
192,male,27,Finance,1,11,85,4,0,2025-11-15 00:55:49.325250,0
193,male,47,Engineering,1,17,62,5,0,2025-12-14 00:55:49.325250,0
194,male,55,Sales,2,21,55,8,0,2025-11-25 00:55:49.325250,1
195,male,27,Marketing,1,21,63,6,0,2025-12-10 00:55:49.325250,0
196,female,58,Sales,2,0,86,8,0,2025-10-26 00:55:49.325250,0
197,female,54,Sales,2,16,97,3,0,2025-11-14 00:55:49.325250,1
198,female,43,Engineering,3,10,64,1,0,2025-11-02 00:55:49.325250,0
199,male,42,Engineering,2,9,96,7,0,2025-09-14 00:55:49.325250,0
200,male,27,Engineering,2,18,53,3,0,2025-11-12 00:55:49.325250,0
201,male,27,Engineering,2,13,89,8,1,2025-11-03 00:55:49.325250,1
202,female,25,Finance,4,25,65,3,0,2025-08-01 00:55:49.325250,1
203,male,51,Engineering,2,9,77,7,0,2025-07-28 00:55:49.325250,1
204,male,32,Finance,1,14,65,8,0,2025-12-04 00:55:49.325250,0
205,female,51,Finance,3,18,53,8,1,2025-07-31 00:55:49.325250,1
206,male,52,Engineering,2,3,94,3,1,2025-11-09 00:55:49.325250,1
207,female,45,HR,2,1,75,0,1,2025-11-25 00:55:49.325250,0
208,female,30,Marketing,2,8,77,2,0,2025-12-25 00:55:49.325250,0
209,female,24,Sales,3,9,81,8,0,2025-08-19 00:55:49.325250,0
210,male,52,Finance,2,10,94,3,0,2025-10-13 00:55:49.325250,0
211,male,58,Marketing,3,13,51,4,0,2025-10-25 00:55:49.325250,1
212,male,57,HR,4,6,80,6,0,2025-10-20 00:55:49.325250,0
213,male,45,Sales,2,22,52,4,1,2025-10-10 00:55:49.325250,1
214,male,52,Sales,2,14,57,3,1,2025-12-18 00:55:49.325250,1
215,male,27,Finance,2,21,73,1,1,2025-08-25 00:55:49.325250,1
216,male,23,Engineering,2,18,64,1,0,2025-09-26 00:55:49.325250,0
217,female,41,HR,2,21,92,3,0,2025-12-04 00:55:49.325250,0
218,male,49,Finance,4,14,80,8,0,2025-09-29 00:55:49.325250,1
219,female,32,HR,3,23,58,7,0,2025-09-23 00:55:49.325250,0
220,male,25,Engineering,3,7,88,2,1,2025-12-26 00:55:49.325250,1
221,male,36,Engineering,2,10,94,8,0,2025-12-29 00:55:49.325250,1
222,male,27,Finance,3,8,51,4,0,2026-01-04 00:55:49.325250,0
223,female,51,Engineering,4,14,57,2,0,2025-11-29 00:55:49.325250,0
224,female,59,Marketing,3,0,56,4,0,2025-10-16 00:55:49.325250,0
225,female,23,Sales,1,0,93,3,1,2025-10-09 00:55:49.325250,0
226,female,36,Finance,3,18,100,7,0,2025-10-23 00:55:49.325250,1
227,male,32,HR,1,2,88,4,1,2025-12-05 00:55:49.325250,1
228,female,29,Marketing,2,9,91,7,0,2025-07-18 00:55:49.325250,0
229,male,47,Finance,1,7,65,8,0,2025-11-11 00:55:49.325250,0
230,male,26,Engineering,3,14,84,3,1,2025-12-30 00:55:49.325250,1
231,female,27,Engineering,3,9,79,6,0,2025-11-05 00:55:49.325250,0
232,female,47,Engineering,2,0,59,1,1,2025-12-22 00:55:49.325250,0
233,female,25,Engineering,2,17,87,5,0,2025-09-12 00:55:49.325250,1
234,female,40,HR,2,1,67,7,0,2025-12-03 00:55:49.325250,0
235,female,41,Marketing,2,18,99,6,0,2025-11-25 00:55:49.325250,0
236,female,54,Sales,2,12,54,6,1,2025-10-09 00:55:49.325250,0
237,female,41,HR,2,21,78,7,0,2025-10-16 00:55:49.325250,1
238,female,33,HR,3,0,88,6,1,2025-11-15 00:55:49.325250,1
239,male,22,Sales,1,1,83,4,0,2025-10-10 00:55:49.325250,0
240,female,47,Sales,1,15,92,6,0,2025-10-06 00:55:49.325250,0
241,female,35,Engineering,2,14,94,2,0,2025-12-18 00:55:49.325250,0
242,male,59,HR,4,12,72,4,0,2025-11-27 00:55:49.325250,1
243,female,58,Finance,3,15,54,6,0,2025-11-10 00:55:49.325250,0
244,male,32,Sales,3,16,79,8,1,2025-09-26 00:55:49.325250,1
245,male,57,Sales,2,20,55,1,0,2025-10-12 00:55:49.325250,0
246,female,34,Marketing,2,6,95,3,0,2025-09-20 00:55:49.325250,0
247,male,24,Finance,1,23,93,6,0,2025-12-07 00:55:49.325250,1
248,male,54,Finance,3,25,53,0,0,2025-11-22 00:55:49.325250,0
249,male,27,Sales,4,16,78,1,0,2025-08-04 00:55:49.325250,1
250,male,31,Engineering,3,6,72,8,0,2025-11-26 00:55:49.325250,0
251,female,26,Marketing,3,12,55,6,0,2025-09-08 00:55:49.325250,1
252,male,44,Finance,3,4,81,6,0,2025-08-27 00:55:49.325250,1
253,female,31,Sales,2,25,91,5,0,2025-08-03 00:55:49.325250,1
254,male,23,Finance,4,16,67,2,0,2025-07-20 00:55:49.325250,1
255,male,34,Marketing,1,2,64,2,0,2025-11-12 00:55:49.325250,0
256,male,23,Marketing,2,6,89,1,0,2025-08-01 00:55:49.325250,0
257,male,41,HR,2,25,81,5,0,2026-01-07 00:55:49.325250,1
258,female,22,Sales,1,16,58,3,1,2025-09-28 00:55:49.325250,1
259,female,58,Marketing,2,6,86,4,1,2025-08-20 00:55:49.325250,1
260,male,30,HR,2,20,59,2,1,2025-08-18 00:55:49.325250,1
261,male,38,HR,2,0,69,5,0,2026-01-06 00:55:49.325250,0
262,female,30,Finance,2,16,55,2,1,2025-12-21 00:55:49.325250,0
263,male,32,Finance,1,16,97,7,1,2025-09-25 00:55:49.325250,1
264,male,36,HR,2,10,52,8,1,2025-11-07 00:55:49.325250,0
265,male,45,Finance,2,24,91,3,0,2025-10-24 00:55:49.325250,0
266,female,59,Marketing,2,2,60,8,0,2025-12-20 00:55:49.325250,0
267,female,56,Engineering,3,14,92,6,1,2025-08-12 00:55:49.325250,1
268,female,51,Marketing,3,20,66,2,0,2025-11-12 00:55:49.325250,1
269,male,52,HR,3,10,81,6,0,2025-09-04 00:55:49.325250,1
270,male,26,HR,3,25,53,0,0,2025-12-31 00:55:49.325250,0
271,female,35,Marketing,2,15,53,2,0,2025-08-15 00:55:49.325250,0
272,female,32,Finance,3,24,66,5,0,2025-11-11 00:55:49.325250,0
273,female,30,Finance,2,21,90,3,0,2025-11-02 00:55:49.325250,1
274,female,55,HR,2,8,68,6,0,2025-09-12 00:55:49.325250,0
275,male,33,Sales,3,23,54,2,0,2025-08-04 00:55:49.325250,1
276,female,56,Finance,2,23,81,0,0,2025-08-27 00:55:49.325250,1
277,male,56,Marketing,3,0,71,8,0,2025-09-06 00:55:49.325250,0
278,female,22,Finance,3,24,55,5,0,2025-11-24 00:55:49.325250,1
279,male,43,Marketing,3,21,84,7,0,2025-11-07 00:55:49.325250,1
280,female,50,HR,4,15,71,2,1,2025-11-20 00:55:49.325250,1
281,female,29,Finance,2,8,50,7,0,2025-12-25 00:55:49.325250,0
282,female,32,Marketing,2,18,69,1,0,2025-12-21 00:55:49.325250,0
283,female,58,HR,2,11,71,3,0,2025-11-02 00:55:49.325250,0
284,male,35,Sales,2,18,97,2,1,2025-08-25 00:55:49.325250,1
285,female,51,Marketing,3,21,60,0,0,2025-11-17 00:55:49.325250,0
286,male,56,Sales,3,8,62,6,0,2025-10-28 00:55:49.325250,0
287,male,42,Sales,3,6,91,1,0,2025-12-17 00:55:49.325250,0
288,male,58,Engineering,2,13,52,3,0,2025-07-29 00:55:49.325250,0
289,male,26,Finance,2,18,58,8,1,2025-09-09 00:55:49.325250,1
290,female,40,Marketing,2,18,61,5,1,2025-11-27 00:55:49.325250,1
291,male,35,Sales,2,1,72,7,0,2025-10-19 00:55:49.325250,1
292,male,47,Engineering,3,8,63,1,0,2025-10-04 00:55:49.325250,0
293,male,25,HR,2,12,82,6,0,2025-12-05 00:55:49.325250,0
294,female,46,Marketing,2,14,67,5,0,2025-08-26 00:55:49.325250,0
295,female,46,Sales,1,2,98,8,0,2025-10-28 00:55:49.325250,0
296,female,39,Finance,3,10,90,6,0,2025-09-12 00:55:49.325250,0
297,female,29,Engineering,3,20,58,0,0,2025-09-09 00:55:49.325250,0
298,male,60,Sales,2,13,72,7,0,2026-01-05 00:55:49.325250,1
299,male,35,Finance,1,24,59,2,1,2025-12-19 00:55:49.325250,0
300,female,53,Sales,2,7,68,1,0,2025-11-27 00:55:49.325250,0
301,male,59,Marketing,2,17,96,2,1,2025-07-23 00:55:49.325250,1
302,male,54,Marketing,3,18,54,5,1,2025-10-22 00:55:49.325250,1
303,male,44,Marketing,3,15,96,2,0,2025-09-20 00:55:49.325250,1
304,female,36,Engineering,2,1,72,4,1,2025-11-12 00:55:49.325250,0
305,female,54,Marketing,2,7,79,5,0,2026-01-03 00:55:49.325250,0
306,male,46,Finance,4,21,74,7,0,2025-08-15 00:55:49.325250,1
307,female,38,Sales,2,5,77,6,0,2025-10-21 00:55:49.325250,0
308,female,54,HR,3,11,83,7,1,2025-12-04 00:55:49.325250,1
309,female,23,Finance,2,14,94,2,0,2025-10-24 00:55:49.325250,1
310,female,35,Finance,2,24,97,3,0,2025-08-21 00:55:49.325250,0
311,female,60,Marketing,1,7,96,5,1,2025-07-31 00:55:49.325250,1
312,male,27,Engineering,2,3,74,6,0,2025-09-17 00:55:49.325250,1
313,female,27,Sales,4,14,59,8,0,2025-10-02 00:55:49.325250,1
314,male,24,Engineering,2,19,63,0,1,2025-09-14 00:55:49.325250,1
315,male,28,Sales,1,24,91,7,1,2025-10-03 00:55:49.325250,1
316,female,29,Sales,1,16,95,7,1,2025-08-28 00:55:49.325250,1
317,male,36,Engineering,2,12,79,5,1,2025-07-18 00:55:49.325250,1
318,male,50,Finance,2,17,90,3,0,2025-07-28 00:55:49.325250,0
319,male,54,Sales,1,1,74,2,1,2025-12-05 00:55:49.325250,1
320,female,51,Engineering,3,12,63,2,0,2026-01-08 00:55:49.325250,0
321,female,60,Sales,2,12,84,5,0,2026-01-04 00:55:49.325250,0
322,male,48,HR,2,21,97,7,0,2025-12-30 00:55:49.325250,1
323,female,57,Finance,4,14,83,6,0,2025-08-20 00:55:49.325250,1
324,female,50,Marketing,2,19,59,0,1,2026-01-05 00:55:49.325250,0
325,female,59,Sales,4,9,84,5,1,2025-11-02 00:55:49.325250,1
326,female,54,HR,2,2,60,6,0,2025-11-29 00:55:49.325250,0
327,male,58,Marketing,3,18,60,6,0,2025-11-27 00:55:49.325250,1
328,male,48,Marketing,3,2,70,8,0,2025-09-21 00:55:49.325250,1
329,female,54,Sales,3,21,70,4,1,2025-10-30 00:55:49.325250,1
330,female,25,Engineering,4,13,71,0,1,2025-09-05 00:55:49.325250,1
331,male,43,Sales,2,7,94,1,0,2025-11-18 00:55:49.325250,0
332,male,23,HR,4,22,56,3,0,2025-08-30 00:55:49.325250,1
333,female,31,Marketing,2,3,66,4,0,2025-12-23 00:55:49.325250,0
334,male,26,Sales,2,19,51,8,0,2025-08-02 00:55:49.325250,0
335,female,31,Engineering,2,10,61,0,1,2025-08-18 00:55:49.325250,0
336,female,54,Sales,2,25,91,2,0,2025-11-05 00:55:49.325250,0
337,male,59,Finance,2,10,67,4,0,2025-08-05 00:55:49.325250,1
338,male,34,Engineering,2,10,60,2,0,2025-09-05 00:55:49.325250,0
339,female,52,HR,2,1,65,3,0,2025-08-06 00:55:49.325250,0
340,female,57,Marketing,3,16,98,2,1,2025-11-24 00:55:49.325250,1
341,male,45,Sales,3,8,100,3,0,2025-11-16 00:55:49.325250,0
342,female,36,Engineering,2,1,67,0,0,2025-10-13 00:55:49.325250,0
343,male,50,Finance,2,23,84,7,0,2025-10-14 00:55:49.325250,1
344,female,29,Engineering,2,14,75,3,0,2025-09-21 00:55:49.325250,0
345,male,26,Finance,2,15,65,6,0,2025-11-11 00:55:49.325250,0
346,male,50,HR,1,24,55,1,1,2025-08-05 00:55:49.325250,1
347,male,25,Marketing,2,3,93,1,0,2025-07-23 00:55:49.325250,0
348,female,33,HR,2,7,92,5,0,2025-09-23 00:55:49.325250,0
349,female,23,Sales,4,8,96,1,0,2025-07-24 00:55:49.325250,0
350,male,48,Engineering,2,25,96,5,0,2025-08-16 00:55:49.325250,1
351,female,52,Finance,2,25,97,1,0,2025-11-30 00:55:49.325250,0
352,male,57,Finance,2,4,91,3,0,2025-08-04 00:55:49.325250,0
353,male,57,Engineering,2,15,61,6,1,2025-10-03 00:55:49.325250,1
354,female,47,Engineering,2,12,62,7,1,2025-12-26 00:55:49.325250,0
355,female,48,Sales,3,6,53,2,0,2025-10-08 00:55:49.325250,0
356,male,26,HR,2,25,88,8,0,2025-09-30 00:55:49.325250,1
357,female,41,Finance,2,19,51,1,0,2025-10-17 00:55:49.325250,0
358,female,32,Sales,4,16,75,7,0,2025-11-29 00:55:49.325250,1
359,male,31,HR,3,2,76,7,1,2025-08-15 00:55:49.325250,1
360,male,59,Sales,3,4,76,3,0,2025-09-25 00:55:49.325250,1
361,female,27,Finance,2,18,64,0,0,2025-12-18 00:55:49.325250,0
362,male,29,Engineering,3,11,57,0,1,2025-11-17 00:55:49.325250,1
363,male,44,Engineering,2,6,56,1,1,2025-11-30 00:55:49.325250,0
364,female,47,HR,2,8,96,8,0,2025-08-12 00:55:49.325250,1
365,male,33,Marketing,1,5,95,1,0,2025-11-19 00:55:49.325250,0
366,male,47,HR,2,25,89,1,0,2025-10-23 00:55:49.325250,1
367,female,34,Marketing,2,16,61,5,0,2025-07-27 00:55:49.325250,0
368,female,39,Sales,2,15,62,6,1,2025-09-07 00:55:49.325250,1
369,male,46,Sales,4,22,92,6,1,2025-09-25 00:55:49.325250,1
370,male,54,Finance,4,2,66,8,1,2025-08-15 00:55:49.325250,1
371,female,33,Marketing,3,20,66,5,0,2025-10-23 00:55:49.325250,1
372,female,57,Finance,2,25,85,7,1,2025-09-25 00:55:49.325250,1
373,female,25,Engineering,3,3,70,5,0,2025-08-10 00:55:49.325250,0
374,female,26,Marketing,2,9,57,1,0,2025-07-28 00:55:49.325250,0
375,male,58,HR,3,4,54,0,0,2025-12-26 00:55:49.325250,0
376,female,29,Engineering,2,20,75,4,0,2025-09-27 00:55:49.325250,1
377,female,49,Engineering,3,21,65,8,1,2025-08-18 00:55:49.325250,1
378,male,52,HR,2,9,85,7,0,2025-10-01 00:55:49.325250,0
379,female,30,Engineering,3,11,77,3,0,2025-12-08 00:55:49.325250,0
380,male,50,Marketing,4,9,78,4,0,2025-12-31 00:55:49.325250,1
381,female,35,Finance,2,12,96,4,0,2025-11-13 00:55:49.325250,1
382,female,43,Engineering,2,10,61,5,0,2025-07-31 00:55:49.325250,0
383,female,32,Marketing,4,21,86,2,0,2025-10-22 00:55:49.325250,1
384,male,44,Sales,2,15,79,4,1,2025-11-25 00:55:49.325250,1
385,male,22,Marketing,3,7,72,1,0,2025-09-27 00:55:49.325250,0
386,female,58,Finance,2,7,65,0,0,2025-08-22 00:55:49.325250,0
387,male,42,Marketing,2,24,63,0,0,2025-09-11 00:55:49.325250,0
388,male,47,HR,2,7,59,6,1,2025-08-07 00:55:49.325250,1
389,male,57,Finance,2,12,56,1,0,2025-09-21 00:55:49.325250,0
390,male,44,Sales,3,1,94,3,0,2025-10-23 00:55:49.325250,0
391,male,22,HR,2,11,86,4,0,2025-09-20 00:55:49.325250,1
392,male,36,Marketing,2,9,78,6,0,2025-10-27 00:55:49.325250,0
393,female,42,Finance,2,11,52,1,0,2025-12-16 00:55:49.325250,0
394,female,30,Sales,2,10,64,5,1,2025-10-27 00:55:49.325250,0
395,male,30,HR,3,14,85,0,0,2025-10-23 00:55:49.325250,0
396,female,31,Sales,4,15,96,6,0,2025-07-31 00:55:49.325250,1
397,female,47,Marketing,2,16,95,8,1,2025-09-18 00:55:49.325250,1
398,female,56,Sales,3,25,68,4,0,2025-09-20 00:55:49.325250,1
399,female,46,Engineering,3,1,62,4,0,2025-11-02 00:55:49.325250,0
400,male,47,HR,2,17,91,3,0,2025-09-07 00:55:49.325250,1
401,female,32,Sales,4,11,70,2,0,2025-12-24 00:55:49.325250,0
402,female,59,Marketing,2,18,86,8,0,2025-09-11 00:55:49.325250,0
403,male,23,Marketing,2,25,76,4,0,2025-10-12 00:55:49.325250,0
404,male,28,Sales,3,22,78,7,1,2025-08-11 00:55:49.325250,1
405,female,39,Marketing,2,17,69,8,1,2025-12-12 00:55:49.325250,0
406,female,48,Finance,3,16,74,4,0,2025-11-16 00:55:49.325250,0
407,female,55,Finance,3,5,55,8,0,2025-11-04 00:55:49.325250,0
408,female,48,Finance,1,24,85,1,0,2025-07-18 00:55:49.325250,0
409,female,38,Engineering,3,14,51,8,1,2025-07-30 00:55:49.325250,0
410,female,45,Sales,2,2,71,3,0,2025-07-22 00:55:49.325250,0
411,male,46,Engineering,2,5,81,5,0,2025-10-12 00:55:49.325250,0
412,female,28,Marketing,3,2,65,5,1,2025-11-28 00:55:49.325250,1
413,female,27,Engineering,4,0,67,5,1,2025-09-27 00:55:49.325250,1
414,male,45,Marketing,1,12,54,1,1,2025-10-21 00:55:49.325250,1
415,male,54,Marketing,2,20,85,6,0,2025-10-04 00:55:49.325250,0
416,male,50,HR,3,25,79,5,1,2025-09-02 00:55:49.325250,1
417,male,43,Finance,3,13,94,0,1,2025-08-12 00:55:49.325250,1
418,female,47,Marketing,3,12,68,1,0,2025-12-04 00:55:49.325250,1
419,female,49,HR,2,3,72,6,0,2025-10-30 00:55:49.325250,0
420,female,42,Finance,2,6,83,0,0,2025-10-13 00:55:49.325250,0
421,female,28,Marketing,2,21,62,0,1,2025-12-23 00:55:49.325250,1
422,female,38,Marketing,3,9,92,0,0,2025-12-13 00:55:49.325250,0
423,female,41,Engineering,2,6,78,7,0,2025-09-03 00:55:49.325250,0
424,male,41,Engineering,2,20,85,3,0,2025-12-04 00:55:49.325250,1
425,female,43,Finance,4,14,71,3,1,2025-10-06 00:55:49.325250,1
426,male,49,Marketing,1,14,96,1,0,2025-12-12 00:55:49.325250,0
427,male,28,Sales,4,3,85,0,0,2025-07-14 00:55:49.325250,1
428,female,22,Engineering,3,22,58,8,0,2025-10-06 00:55:49.325250,0
429,male,53,Finance,3,22,88,6,1,2025-11-22 00:55:49.325250,1
430,female,34,Marketing,2,5,100,3,0,2025-07-16 00:55:49.325250,0
431,male,51,Marketing,1,23,68,5,0,2025-12-23 00:55:49.325250,1
432,female,44,Sales,3,19,87,1,1,2025-07-18 00:55:49.325250,1
433,male,40,Finance,3,25,55,6,0,2025-12-08 00:55:49.325250,0
434,female,53,Marketing,3,4,96,1,1,2025-11-07 00:55:49.325250,1
435,female,51,Engineering,2,19,64,7,0,2025-10-09 00:55:49.325250,0
436,female,50,Sales,3,11,69,7,0,2025-12-13 00:55:49.325250,0
437,female,50,Finance,3,0,58,0,0,2025-12-26 00:55:49.325250,0
438,female,51,Sales,3,7,81,7,0,2025-12-20 00:55:49.325250,0
439,male,37,Engineering,3,0,53,1,0,2025-07-26 00:55:49.325250,0
440,male,40,Finance,3,4,99,5,0,2025-09-06 00:55:49.325250,1
441,male,39,Sales,3,21,67,0,1,2025-10-01 00:55:49.325250,1
442,female,22,HR,1,5,54,4,0,2025-12-08 00:55:49.325250,0
443,male,35,Engineering,2,20,69,6,0,2025-08-27 00:55:49.325250,0
444,female,23,Engineering,1,2,72,0,0,2025-12-03 00:55:49.325250,0
445,female,49,Engineering,2,14,60,1,1,2025-07-28 00:55:49.325250,1
446,male,51,HR,2,4,86,6,0,2025-11-09 00:55:49.325250,1
447,male,59,HR,1,23,71,5,0,2025-10-04 00:55:49.325250,0
448,female,25,Marketing,2,13,53,2,0,2025-12-16 00:55:49.325250,0
449,male,22,Sales,2,17,78,1,0,2025-07-20 00:55:49.325250,0
450,female,29,Marketing,3,15,93,3,0,2025-10-08 00:55:49.325250,1
451,female,50,Sales,4,5,83,2,1,2025-11-20 00:55:49.325250,1
452,female,60,HR,1,24,62,6,0,2025-07-31 00:55:49.325250,0
453,female,24,HR,4,23,91,7,1,2025-10-17 00:55:49.325250,1
454,female,53,Marketing,2,13,58,1,0,2025-09-16 00:55:49.325250,0
455,male,31,Finance,2,23,91,6,0,2025-09-29 00:55:49.325250,1
456,male,31,Marketing,1,7,80,7,1,2025-10-06 00:55:49.325250,1
457,female,40,Sales,2,6,56,5,0,2025-11-13 00:55:49.325250,0
458,female,55,Marketing,3,7,53,5,1,2025-12-09 00:55:49.325250,1
459,male,54,Engineering,3,12,68,0,0,2025-08-27 00:55:49.325250,0
460,male,44,Sales,1,5,91,3,1,2025-11-02 00:55:49.325250,1
461,female,49,Sales,1,17,79,0,0,2025-10-11 00:55:49.325250,0
462,male,53,Finance,2,1,80,3,0,2025-11-30 00:55:49.325250,0
463,female,28,HR,2,7,84,1,0,2025-08-14 00:55:49.325250,0
464,male,50,Sales,2,10,70,4,0,2025-11-22 00:55:49.325250,1
465,female,29,HR,2,0,80,8,0,2025-09-27 00:55:49.325250,0
466,male,22,Marketing,3,21,68,2,0,2025-12-14 00:55:49.325250,1
467,female,24,Engineering,4,5,80,7,0,2025-11-10 00:55:49.325250,0
468,male,45,Finance,2,15,81,2,0,2025-11-17 00:55:49.325250,1
469,male,44,HR,4,19,51,5,1,2025-09-28 00:55:49.325250,1
470,female,29,Sales,2,11,59,3,0,2025-12-11 00:55:49.325250,0
471,male,58,HR,2,10,51,7,0,2025-09-17 00:55:49.325250,0
472,female,24,Sales,2,9,51,5,0,2025-11-04 00:55:49.325250,0
473,male,54,HR,3,2,73,7,0,2025-09-13 00:55:49.325250,1
474,female,49,Sales,4,12,66,0,0,2025-11-02 00:55:49.325250,0
475,male,29,Marketing,3,2,81,5,0,2025-10-14 00:55:49.325250,0
476,female,55,Sales,2,14,65,0,1,2025-08-29 00:55:49.325250,1
477,male,56,Sales,3,15,65,0,1,2025-07-24 00:55:49.325250,1
478,female,53,Engineering,2,12,95,7,0,2025-12-15 00:55:49.325250,1
479,male,45,Sales,3,16,88,6,0,2025-12-31 00:55:49.325250,1
480,female,35,Engineering,2,2,80,2,0,2025-12-30 00:55:49.325250,0
481,female,53,Finance,2,19,92,5,0,2025-12-04 00:55:49.325250,0
482,female,37,Engineering,2,10,73,8,0,2025-08-21 00:55:49.325250,1
483,male,25,Marketing,3,20,50,6,0,2026-01-05 00:55:49.325250,1
484,female,58,Engineering,1,18,60,2,0,2025-10-05 00:55:49.325250,0
485,male,42,Finance,3,21,70,5,0,2025-09-07 00:55:49.325250,1
486,female,35,Marketing,2,10,53,3,0,2025-10-07 00:55:49.325250,0
487,male,52,HR,3,15,56,2,1,2025-10-04 00:55:49.325250,1
488,female,39,HR,3,20,75,8,0,2025-11-10 00:55:49.325250,1
489,male,28,Engineering,3,2,96,1,1,2025-09-24 00:55:49.325250,1
490,male,31,Engineering,2,21,99,0,1,2025-10-27 00:55:49.325250,1
491,female,28,Finance,2,5,61,1,0,2025-11-13 00:55:49.325250,0
492,male,54,Finance,2,13,80,6,0,2025-10-20 00:55:49.325250,0
493,male,44,Sales,3,23,66,0,0,2025-08-24 00:55:49.325250,1
494,female,42,Finance,2,17,82,5,1,2025-11-08 00:55:49.325250,1
495,male,40,Sales,2,16,60,6,1,2025-08-04 00:55:49.325250,1
496,male,40,Marketing,2,3,77,8,0,2025-12-14 00:55:49.325250,0
497,male,57,Engineering,2,22,81,7,0,2025-08-18 00:55:49.325250,1
498,female,50,Marketing,3,14,50,5,1,2025-11-23 00:55:49.325250,1
499,male,39,Finance,1,10,96,2,0,2025-09-15 00:55:49.325250,0
500,female,23,Marketing,3,25,77,7,1,2025-11-23 00:55:49.325250,1
501,male,22,Marketing,2,2,91,6,1,2026-01-06 00:55:49.325250,1
502,male,26,Marketing,1,2,56,2,0,2025-08-03 00:55:49.325250,0
503,male,41,Finance,2,15,51,8,0,2025-10-25 00:55:49.325250,0
504,female,32,Marketing,1,4,91,1,0,2025-10-08 00:55:49.325250,0
505,male,23,Sales,2,20,73,2,0,2025-12-12 00:55:49.325250,1
506,male,24,Finance,3,9,53,1,0,2025-11-14 00:55:49.325250,0
507,female,44,Marketing,1,18,93,0,1,2025-09-29 00:55:49.325250,1
508,male,33,Finance,3,24,68,3,1,2025-10-10 00:55:49.325250,1
509,female,41,HR,1,3,75,4,1,2025-09-01 00:55:49.325250,0
510,female,26,Sales,2,18,60,5,0,2026-01-04 00:55:49.325250,0
511,male,58,Marketing,3,10,89,4,1,2025-10-22 00:55:49.325250,1
512,female,59,HR,2,1,99,0,1,2025-10-26 00:55:49.325250,0
513,male,51,HR,2,9,92,2,0,2025-09-10 00:55:49.325250,0
514,female,30,Finance,2,10,60,0,0,2025-08-27 00:55:49.325250,0
515,female,55,HR,2,24,94,4,0,2025-08-17 00:55:49.325250,1
516,male,56,Sales,3,19,52,4,1,2025-12-25 00:55:49.325250,1
517,female,43,Sales,2,15,61,5,0,2025-07-23 00:55:49.325250,1
518,female,45,Engineering,3,18,52,7,1,2025-07-24 00:55:49.325250,0
519,female,38,Sales,3,22,91,0,0,2025-12-29 00:55:49.325250,1
520,female,31,HR,2,23,76,3,1,2025-08-20 00:55:49.325250,1
521,female,51,Sales,4,10,98,0,0,2025-11-28 00:55:49.325250,1
522,male,44,Finance,2,13,51,8,0,2025-08-17 00:55:49.325250,0
523,female,53,Engineering,4,1,98,6,0,2025-09-02 00:55:49.325250,1
524,male,38,HR,1,22,65,6,0,2025-08-12 00:55:49.325250,0
525,female,38,Engineering,3,4,51,4,1,2025-08-14 00:55:49.325250,0
526,male,35,HR,2,4,79,6,0,2025-11-30 00:55:49.325250,0
527,male,30,Finance,2,18,69,1,0,2025-12-05 00:55:49.325250,1
528,female,23,Engineering,3,20,87,3,0,2025-12-28 00:55:49.325250,1
529,female,46,Marketing,3,11,77,6,0,2025-09-08 00:55:49.325250,0
530,female,60,HR,1,17,74,2,0,2025-12-11 00:55:49.325250,0
531,male,30,Marketing,2,3,81,1,0,2025-11-17 00:55:49.325250,0
532,female,43,Engineering,3,21,59,1,1,2025-08-12 00:55:49.325250,1
533,male,25,Marketing,3,16,91,0,0,2025-09-05 00:55:49.325250,0
534,male,47,Marketing,4,9,89,4,1,2025-07-22 00:55:49.325250,1
535,male,50,Engineering,3,19,82,5,1,2025-11-19 00:55:49.325250,1
536,female,55,Finance,4,5,62,5,0,2025-07-27 00:55:49.325250,1
537,female,44,Marketing,3,24,90,8,0,2025-07-15 00:55:49.325250,1
538,male,58,Marketing,2,13,91,3,0,2025-08-24 00:55:49.325250,1
539,male,32,Finance,2,10,96,0,1,2025-12-18 00:55:49.325250,1
540,female,27,Marketing,3,10,86,5,1,2025-09-17 00:55:49.325250,1
541,male,39,Marketing,3,17,65,4,0,2025-09-06 00:55:49.325250,1
542,female,42,Marketing,1,22,94,5,1,2025-09-13 00:55:49.325250,1
543,male,57,Sales,2,21,71,2,0,2025-07-27 00:55:49.325250,0
544,female,59,Finance,4,17,69,1,1,2025-10-29 00:55:49.325250,1
545,male,55,Marketing,2,23,99,5,1,2025-11-05 00:55:49.325250,1
546,female,38,Finance,2,22,92,0,0,2025-10-12 00:55:49.325250,0
547,male,58,HR,2,10,76,6,0,2025-11-27 00:55:49.325250,0
548,female,46,HR,2,20,90,6,0,2025-12-25 00:55:49.325250,1
549,female,59,Marketing,2,11,65,6,0,2025-08-28 00:55:49.325250,0
550,male,33,Finance,2,4,83,0,1,2025-09-07 00:55:49.325250,1
551,male,44,Finance,1,22,81,3,0,2025-08-31 00:55:49.325250,0
552,female,43,Finance,3,8,75,6,0,2025-09-21 00:55:49.325250,0
553,male,42,Sales,2,24,74,8,0,2025-12-02 00:55:49.325250,1
554,female,48,HR,3,8,51,4,1,2025-12-05 00:55:49.325250,0
555,male,52,Finance,3,21,61,1,0,2025-10-02 00:55:49.325250,0
556,female,27,Finance,2,9,89,6,0,2025-11-05 00:55:49.325250,0
557,female,48,Sales,3,21,58,0,0,2025-10-25 00:55:49.325250,0
558,female,55,Sales,2,18,61,6,1,2025-10-08 00:55:49.325250,1
559,female,33,Finance,3,0,75,5,1,2025-07-14 00:55:49.325250,1
560,female,28,Engineering,2,6,58,6,0,2025-10-24 00:55:49.325250,0
561,female,31,Finance,3,3,59,2,0,2025-10-04 00:55:49.325250,0
562,male,38,Finance,3,0,81,2,0,2025-08-24 00:55:49.325250,0
563,male,47,Sales,2,14,83,6,0,2025-12-13 00:55:49.325250,1
564,male,42,Sales,2,7,97,1,0,2025-09-21 00:55:49.325250,0
565,female,49,Finance,3,11,69,0,1,2025-12-25 00:55:49.325250,1
566,female,23,Finance,3,21,88,8,0,2025-10-14 00:55:49.325250,1
567,female,22,Finance,2,21,51,8,1,2025-08-23 00:55:49.325250,1
568,female,57,Sales,3,17,50,6,0,2025-11-22 00:55:49.325250,0
569,male,47,Finance,2,14,100,6,1,2025-11-28 00:55:49.325250,1
570,male,50,Finance,3,16,85,2,1,2025-09-15 00:55:49.325250,1
571,female,42,Marketing,2,13,73,1,0,2025-08-15 00:55:49.325250,0
572,male,32,Engineering,3,13,76,6,0,2025-11-09 00:55:49.325250,1
573,male,32,HR,2,17,51,8,0,2025-07-13 00:55:49.325250,0
574,female,57,Engineering,2,19,80,0,0,2025-11-19 00:55:49.325250,0
575,male,60,Marketing,1,17,63,3,0,2025-12-07 00:55:49.325250,0
576,female,56,HR,2,15,51,5,0,2025-09-11 00:55:49.325250,0
577,male,55,Finance,2,0,78,6,1,2025-12-08 00:55:49.325250,1
578,female,45,Marketing,2,22,64,6,0,2025-10-08 00:55:49.325250,1
579,female,43,Finance,3,10,61,1,1,2025-09-18 00:55:49.325250,1
580,female,26,Sales,1,14,86,3,0,2025-11-16 00:55:49.325250,0
581,female,54,Marketing,2,11,77,4,1,2025-11-29 00:55:49.325250,0
582,male,57,Sales,2,7,69,0,0,2025-08-03 00:55:49.325250,0
583,female,41,Marketing,1,21,88,0,1,2025-12-07 00:55:49.325250,1
584,female,40,Marketing,2,19,73,2,0,2025-10-02 00:55:49.325250,0
585,female,56,Sales,2,5,70,2,0,2025-11-18 00:55:49.325250,0
586,male,38,HR,2,2,59,7,0,2025-08-11 00:55:49.325250,0
587,female,55,Engineering,2,23,95,8,0,2025-11-15 00:55:49.325250,1
588,male,30,Finance,2,25,63,0,0,2025-10-17 00:55:49.325250,0
589,female,47,Marketing,2,12,86,1,0,2025-08-05 00:55:49.325250,0
590,male,23,Finance,1,12,67,1,0,2025-07-26 00:55:49.325250,0
591,male,30,Sales,2,1,73,3,1,2025-08-17 00:55:49.325250,1
592,female,30,Finance,4,4,63,1,0,2025-08-05 00:55:49.325250,0
593,male,38,Sales,2,16,83,6,0,2025-10-15 00:55:49.325250,1
594,female,22,Finance,3,5,61,8,1,2025-09-05 00:55:49.325250,0
595,female,46,Engineering,2,1,71,6,0,2025-08-05 00:55:49.325250,0
596,female,46,Engineering,3,3,55,5,0,2025-12-11 00:55:49.325250,0
597,male,60,Engineering,3,21,85,0,0,2025-08-07 00:55:49.325250,1
598,male,56,Engineering,2,25,94,8,1,2025-09-30 00:55:49.325250,1
599,female,24,Engineering,4,10,85,4,1,2025-12-25 00:55:49.325250,1
600,female,58,Engineering,2,7,71,4,1,2025-09-15 00:55:49.325250,0
601,male,51,Sales,1,11,63,5,0,2025-09-25 00:55:49.325250,0
602,female,59,Marketing,3,7,65,8,1,2026-01-07 00:55:49.325250,1
603,female,55,Finance,3,10,85,7,0,2025-12-22 00:55:49.325250,1
604,female,33,Engineering,2,21,74,7,0,2025-08-24 00:55:49.325250,0
605,male,40,Sales,2,19,81,7,0,2025-08-10 00:55:49.325250,0
606,male,58,Sales,1,7,82,0,0,2025-12-24 00:55:49.325250,0
607,male,38,Sales,2,7,94,0,0,2025-10-01 00:55:49.325250,0
608,female,31,Marketing,3,25,85,7,0,2025-09-04 00:55:49.325250,1
609,female,33,Finance,2,16,69,4,0,2025-08-20 00:55:49.325250,0
610,female,37,Marketing,2,19,67,8,0,2025-08-23 00:55:49.325250,0
611,male,45,HR,2,19,87,1,1,2025-12-15 00:55:49.325250,1
612,female,40,Sales,1,22,52,8,0,2025-08-10 00:55:49.325250,0
613,female,29,HR,2,15,72,7,1,2025-12-30 00:55:49.325250,1
614,female,52,Engineering,3,13,81,8,0,2025-11-20 00:55:49.325250,0
615,female,42,Engineering,4,10,94,3,1,2025-11-27 00:55:49.325250,1
616,male,38,Marketing,3,6,65,0,0,2025-12-01 00:55:49.325250,0
617,male,44,Finance,1,15,54,0,0,2026-01-03 00:55:49.325250,0
618,female,58,HR,3,12,53,4,0,2025-08-23 00:55:49.325250,0
619,male,37,Finance,3,14,70,1,0,2025-10-14 00:55:49.325250,0
620,male,27,Marketing,3,23,89,7,1,2025-12-19 00:55:49.325250,1
621,female,29,Engineering,2,15,100,4,0,2025-08-13 00:55:49.325250,1
622,female,46,Finance,2,20,63,4,0,2025-12-29 00:55:49.325250,0
623,male,39,Finance,2,22,88,1,1,2025-12-19 00:55:49.325250,1
624,female,46,Engineering,1,23,80,6,0,2025-08-07 00:55:49.325250,0
625,male,33,HR,2,8,63,7,0,2025-11-04 00:55:49.325250,0
626,female,36,Engineering,2,2,55,0,0,2025-11-18 00:55:49.325250,0
627,male,47,Finance,2,18,61,1,0,2025-09-06 00:55:49.325250,0
628,female,47,HR,3,19,65,3,0,2025-11-11 00:55:49.325250,1
629,male,53,HR,2,4,66,4,0,2025-10-26 00:55:49.325250,0
630,male,31,Engineering,1,9,94,1,1,2025-11-19 00:55:49.325250,1
631,male,37,Finance,4,16,72,0,0,2025-10-01 00:55:49.325250,0
632,female,28,Marketing,4,14,63,8,0,2025-12-17 00:55:49.325250,1
633,male,38,Finance,3,22,56,0,0,2025-11-09 00:55:49.325250,0
634,male,44,Sales,4,24,95,3,1,2025-09-02 00:55:49.325250,1
635,female,47,Marketing,2,7,81,1,1,2025-10-11 00:55:49.325250,1
636,female,42,HR,4,14,64,3,0,2025-11-26 00:55:49.325250,1
637,male,43,Marketing,1,20,93,7,1,2025-08-03 00:55:49.325250,1
638,male,28,HR,2,13,66,7,0,2025-08-15 00:55:49.325250,0
639,female,35,HR,2,19,90,8,0,2025-10-30 00:55:49.325250,0
640,female,36,Marketing,2,6,96,4,0,2025-08-30 00:55:49.325250,1
641,female,28,HR,2,20,93,6,0,2025-11-18 00:55:49.325250,0
642,female,30,HR,3,22,83,2,0,2025-09-23 00:55:49.325250,1
643,female,29,Sales,3,11,54,3,1,2025-10-04 00:55:49.325250,1
644,male,44,Finance,2,16,94,8,0,2025-09-03 00:55:49.325250,0
645,female,50,Finance,2,16,76,0,1,2025-10-20 00:55:49.325250,1
646,male,39,Sales,3,9,72,1,0,2025-11-13 00:55:49.325250,0
647,male,52,Marketing,3,18,89,4,0,2025-12-27 00:55:49.325250,1
648,male,51,Engineering,2,13,63,2,0,2025-08-26 00:55:49.325250,0
649,female,60,Engineering,3,10,64,1,0,2025-11-26 00:55:49.325250,0
650,male,56,Engineering,2,1,92,0,0,2025-10-25 00:55:49.325250,0
651,male,39,Sales,2,17,82,2,0,2025-12-09 00:55:49.325250,0
652,female,60,Sales,4,6,80,0,0,2025-12-05 00:55:49.325250,1
653,male,38,HR,2,11,84,0,0,2025-10-26 00:55:49.325250,0
654,male,35,Engineering,2,25,66,0,1,2025-08-24 00:55:49.325250,1
655,female,52,Marketing,3,1,77,7,0,2025-12-26 00:55:49.325250,1
656,male,45,Marketing,3,19,68,2,0,2025-11-23 00:55:49.325250,1
657,male,56,Engineering,1,17,95,0,0,2025-08-29 00:55:49.325250,1
658,male,55,Engineering,2,5,72,6,1,2025-11-15 00:55:49.325250,0
659,female,24,Engineering,1,23,81,2,1,2025-07-19 00:55:49.325250,1
660,female,58,Sales,3,9,89,7,0,2025-07-28 00:55:49.325250,1
661,female,47,Sales,2,19,62,3,0,2025-11-18 00:55:49.325250,0
662,male,44,Sales,2,14,69,3,0,2025-11-04 00:55:49.325250,0
663,male,60,Finance,4,4,84,4,1,2025-08-18 00:55:49.325250,1
664,female,36,Marketing,2,19,54,5,0,2025-12-24 00:55:49.325250,0
665,male,25,Marketing,2,2,58,6,0,2025-11-14 00:55:49.325250,0
666,male,50,HR,2,4,78,3,0,2025-10-01 00:55:49.325250,0
667,female,43,Sales,3,24,55,7,0,2025-09-12 00:55:49.325250,0
668,female,46,Finance,1,7,74,5,1,2025-09-22 00:55:49.325250,1
669,male,34,Finance,2,7,80,0,0,2025-11-14 00:55:49.325250,0
670,male,39,Marketing,3,7,71,0,0,2025-12-20 00:55:49.325250,0
671,male,54,Sales,2,11,51,8,0,2025-09-16 00:55:49.325250,0
672,female,37,HR,2,23,94,5,1,2025-08-11 00:55:49.325250,1
673,female,23,Sales,2,22,54,7,1,2025-08-01 00:55:49.325250,1
674,female,56,Engineering,1,7,76,6,0,2025-10-02 00:55:49.325250,0
675,female,55,Sales,2,10,74,5,0,2025-10-27 00:55:49.325250,0
676,male,51,Engineering,2,13,57,3,1,2025-12-11 00:55:49.325250,1
677,female,34,Engineering,2,7,50,6,0,2025-11-21 00:55:49.325250,0
678,female,34,HR,1,23,69,8,0,2025-08-18 00:55:49.325250,0
679,female,39,Marketing,3,9,93,6,0,2025-11-21 00:55:49.325250,0
680,female,53,Sales,4,6,72,0,1,2025-09-27 00:55:49.325250,1
681,female,53,Engineering,3,16,81,8,0,2025-10-09 00:55:49.325250,1
682,male,56,Sales,3,3,60,3,1,2025-12-05 00:55:49.325250,1
683,male,60,Marketing,2,12,88,2,0,2025-10-08 00:55:49.325250,0
684,female,50,Marketing,4,3,96,3,0,2026-01-04 00:55:49.325250,1
685,male,50,Finance,2,4,73,3,0,2025-08-14 00:55:49.325250,1
686,female,37,Marketing,4,25,60,1,0,2025-09-08 00:55:49.325250,1
687,female,31,HR,4,21,78,0,0,2025-08-09 00:55:49.325250,1
688,male,51,Engineering,3,3,75,0,0,2025-08-16 00:55:49.325250,0
689,male,46,Finance,4,17,65,7,0,2025-11-14 00:55:49.325250,1
690,female,60,HR,2,5,84,1,1,2025-11-27 00:55:49.325250,1
691,female,41,Sales,2,23,69,4,1,2025-09-15 00:55:49.325250,1
692,female,26,Engineering,2,23,95,3,0,2025-08-23 00:55:49.325250,1
693,male,22,Marketing,2,22,52,7,0,2025-10-05 00:55:49.325250,1
694,female,51,Engineering,1,21,50,1,0,2025-11-26 00:55:49.325250,0
695,female,24,Sales,3,1,96,8,0,2025-10-31 00:55:49.325250,0
696,female,35,Finance,4,22,50,6,1,2025-07-27 00:55:49.325250,1
697,male,51,Finance,2,10,66,6,0,2025-09-19 00:55:49.325250,1
698,female,25,Finance,3,13,51,0,0,2025-10-25 00:55:49.325250,0
699,female,39,Marketing,4,4,78,1,1,2025-12-09 00:55:49.325250,0
700,male,58,HR,4,5,69,3,0,2025-09-14 00:55:49.325250,0
701,female,46,HR,4,9,55,3,0,2025-08-22 00:55:49.325250,0
702,female,22,Engineering,2,7,57,2,0,2025-09-21 00:55:49.325250,0
703,male,36,Marketing,4,13,78,6,0,2025-09-06 00:55:49.325250,1
704,female,30,Finance,3,23,97,7,0,2025-12-10 00:55:49.325250,1
705,male,36,Finance,2,2,100,1,1,2025-08-06 00:55:49.325250,1
706,male,45,Sales,2,11,82,3,1,2025-10-25 00:55:49.325250,1
707,female,25,Sales,3,15,52,2,0,2025-11-23 00:55:49.325250,0
708,female,33,Finance,2,22,84,1,1,2025-11-08 00:55:49.325250,1
709,female,58,Finance,3,16,54,5,0,2025-12-21 00:55:49.325250,0
710,female,58,Marketing,3,0,76,3,1,2025-07-21 00:55:49.325250,1
711,male,27,HR,2,22,93,5,0,2025-09-10 00:55:49.325250,1
712,female,60,Sales,2,9,61,1,1,2025-11-14 00:55:49.325250,0
713,male,45,HR,3,24,69,3,1,2025-08-30 00:55:49.325250,1
714,female,32,Marketing,2,22,94,5,0,2025-09-01 00:55:49.325250,0
715,female,34,Finance,1,9,69,4,1,2025-09-20 00:55:49.325250,1
716,female,55,HR,1,20,58,2,1,2025-08-18 00:55:49.325250,0
717,male,46,Finance,2,23,88,7,1,2025-08-12 00:55:49.325250,1
718,female,28,Finance,4,1,53,6,0,2025-12-28 00:55:49.325250,0
719,female,25,Engineering,2,8,100,2,1,2025-09-12 00:55:49.325250,1
720,female,29,HR,3,21,68,5,1,2025-10-13 00:55:49.325250,1
721,female,41,HR,2,12,87,3,0,2025-07-26 00:55:49.325250,0
722,male,50,Finance,2,24,76,4,1,2025-12-23 00:55:49.325250,1
723,female,31,Marketing,3,15,94,4,0,2025-12-23 00:55:49.325250,0
724,male,55,Engineering,3,17,92,6,0,2025-09-29 00:55:49.325250,1
725,male,47,Finance,1,18,62,4,0,2025-07-20 00:55:49.325250,1
726,male,24,Sales,2,11,62,2,0,2025-12-13 00:55:49.325250,0
727,male,27,Sales,1,7,71,4,0,2025-08-17 00:55:49.325250,0
728,male,26,Engineering,2,16,77,6,0,2025-08-29 00:55:49.325250,0
729,male,26,Marketing,3,14,96,4,1,2025-10-05 00:55:49.325250,1
730,female,44,Finance,2,9,94,4,0,2025-08-09 00:55:49.325250,1
731,male,30,HR,2,14,71,8,0,2025-09-01 00:55:49.325250,0
732,male,56,Engineering,2,14,92,2,0,2025-10-24 00:55:49.325250,0
733,male,41,Marketing,4,22,68,5,0,2025-12-29 00:55:49.325250,1
734,female,56,HR,4,6,57,0,1,2025-10-21 00:55:49.325250,1
735,female,39,Sales,1,12,57,4,0,2025-08-10 00:55:49.325250,0
736,male,38,Sales,3,16,91,7,1,2025-11-16 00:55:49.325250,1
737,female,45,HR,2,8,75,4,0,2025-10-02 00:55:49.325250,0
738,male,24,Engineering,2,7,97,8,0,2025-07-22 00:55:49.325250,1
739,male,53,Sales,3,19,100,5,0,2025-10-26 00:55:49.325250,1
740,female,56,Finance,4,25,75,7,0,2025-12-26 00:55:49.325250,0
741,male,59,HR,4,20,72,7,0,2025-07-13 00:55:49.325250,1
742,female,34,HR,2,17,92,2,0,2025-08-20 00:55:49.325250,0
743,female,46,Sales,2,12,62,6,0,2025-08-02 00:55:49.325250,0
744,male,30,Engineering,3,15,77,6,1,2025-09-15 00:55:49.325250,1
745,male,25,Finance,2,8,58,5,0,2025-07-27 00:55:49.325250,0
746,female,35,Engineering,2,11,69,6,0,2025-11-21 00:55:49.325250,0
747,male,58,Marketing,2,11,68,1,0,2025-09-11 00:55:49.325250,0
748,male,55,Marketing,3,5,97,8,0,2025-12-07 00:55:49.325250,1
749,male,32,Sales,2,18,88,0,1,2025-11-27 00:55:49.325250,1
750,female,24,Sales,2,6,100,0,0,2025-10-07 00:55:49.325250,1
751,female,49,Sales,4,24,61,2,0,2025-10-25 00:55:49.325250,1
752,male,50,Marketing,2,2,64,2,1,2025-08-15 00:55:49.325250,0
753,female,30,Engineering,2,15,80,0,0,2025-11-13 00:55:49.325250,0
754,female,24,Engineering,2,17,63,6,0,2025-10-30 00:55:49.325250,0
755,female,46,Sales,1,15,60,3,0,2026-01-04 00:55:49.325250,0
756,female,55,Finance,1,22,75,1,0,2025-08-14 00:55:49.325250,1
757,female,33,Engineering,2,6,91,4,1,2025-10-18 00:55:49.325250,1
758,male,30,Marketing,3,3,76,5,1,2025-09-11 00:55:49.325250,1
759,male,36,HR,2,24,60,8,1,2025-07-22 00:55:49.325250,1
760,male,46,HR,4,7,87,3,0,2025-10-04 00:55:49.325250,1
761,female,26,HR,2,12,83,1,0,2025-09-15 00:55:49.325250,0
762,female,32,Finance,2,12,92,4,1,2025-09-27 00:55:49.325250,1
763,male,55,Sales,2,16,68,2,0,2025-07-13 00:55:49.325250,0
764,female,45,Marketing,2,16,55,1,0,2025-11-22 00:55:49.325250,0
765,male,36,Finance,3,4,95,0,0,2025-09-30 00:55:49.325250,0
766,male,59,Marketing,2,5,87,1,0,2025-07-27 00:55:49.325250,0
767,male,29,Marketing,2,18,98,5,0,2025-08-09 00:55:49.325250,0
768,female,26,Sales,3,12,91,7,1,2025-08-04 00:55:49.325250,1
769,female,47,HR,4,24,77,2,1,2025-10-29 00:55:49.325250,1
770,male,39,Sales,3,25,50,8,0,2025-10-27 00:55:49.325250,0
771,male,27,Finance,2,13,84,8,0,2025-12-04 00:55:49.325250,1
772,male,58,Finance,3,21,89,1,0,2025-11-02 00:55:49.325250,1
773,male,34,Finance,2,3,57,7,1,2025-10-18 00:55:49.325250,1
774,female,49,Sales,2,6,96,4,0,2025-11-30 00:55:49.325250,0
775,female,26,Marketing,2,7,56,3,1,2025-12-01 00:55:49.325250,0
776,male,34,Marketing,2,24,60,4,0,2025-11-28 00:55:49.325250,0
777,male,38,Engineering,2,12,88,3,0,2025-08-09 00:55:49.325250,1
778,female,53,Finance,2,5,53,7,0,2025-08-23 00:55:49.325250,0
779,female,50,Marketing,3,5,74,3,1,2025-10-19 00:55:49.325250,0
780,male,24,Engineering,2,23,61,5,0,2025-09-11 00:55:49.325250,1
781,male,55,Marketing,1,20,75,1,0,2025-11-12 00:55:49.325250,0
782,male,48,Finance,1,2,87,4,0,2025-09-14 00:55:49.325250,0
783,female,34,HR,4,2,95,5,1,2025-08-12 00:55:49.325250,1
784,female,54,Finance,2,12,61,4,1,2025-10-01 00:55:49.325250,0
785,female,27,Sales,2,21,92,1,0,2025-07-22 00:55:49.325250,1
786,male,45,Marketing,3,1,100,6,1,2025-07-20 00:55:49.325250,1
787,male,40,Marketing,3,15,86,3,0,2025-12-08 00:55:49.325250,1
788,female,37,Sales,2,21,95,7,0,2025-09-09 00:55:49.325250,0
789,female,49,Sales,3,5,73,6,0,2026-01-06 00:55:49.325250,0
790,male,54,HR,3,7,65,6,0,2025-08-11 00:55:49.325250,0
791,female,34,Marketing,3,22,62,8,1,2025-12-04 00:55:49.325250,1
792,female,46,Marketing,2,7,74,0,1,2025-08-01 00:55:49.325250,1
793,male,57,HR,3,24,53,5,0,2025-08-29 00:55:49.325250,0
794,female,48,Engineering,2,5,60,5,0,2025-11-19 00:55:49.325250,0
795,male,59,HR,2,13,81,5,1,2025-08-18 00:55:49.325250,1
796,male,28,Finance,2,2,98,5,1,2025-11-18 00:55:49.325250,1
797,male,26,Marketing,1,9,56,6,0,2025-11-21 00:55:49.325250,0
798,male,52,Sales,2,2,95,5,1,2025-10-20 00:55:49.325250,1
799,male,44,Finance,3,11,60,0,0,2025-09-04 00:55:49.325250,0
800,male,31,Marketing,1,16,77,2,0,2025-11-11 00:55:49.325250,0
801,male,53,HR,2,4,90,1,1,2025-08-06 00:55:49.325250,1
802,female,51,Finance,2,19,72,5,0,2025-11-20 00:55:49.325250,1
803,male,60,Marketing,1,24,94,7,0,2025-07-21 00:55:49.325250,0
804,male,52,Engineering,4,8,72,2,0,2025-08-15 00:55:49.325250,0
805,female,39,Engineering,2,20,99,7,1,2025-08-24 00:55:49.325250,1
806,female,57,Sales,2,25,77,7,1,2025-09-24 00:55:49.325250,1
807,female,23,Marketing,2,19,92,4,0,2025-10-14 00:55:49.325250,1
808,male,35,Engineering,2,6,96,7,0,2025-08-03 00:55:49.325250,1
809,female,34,HR,1,21,75,5,0,2025-09-20 00:55:49.325250,0
810,male,50,Marketing,3,3,74,4,0,2025-11-19 00:55:49.325250,0
811,male,33,HR,4,12,78,8,0,2025-10-14 00:55:49.325250,1
812,male,60,HR,2,12,68,6,1,2025-08-13 00:55:49.325250,1
813,male,23,Engineering,3,9,82,7,0,2025-10-26 00:55:49.325250,1
814,female,53,Marketing,3,17,85,0,0,2025-12-03 00:55:49.325250,1
815,female,34,Finance,3,16,63,1,0,2025-07-13 00:55:49.325250,0
816,male,48,Engineering,2,19,63,7,0,2025-09-22 00:55:49.325250,1
817,male,38,Engineering,2,19,84,8,1,2026-01-04 00:55:49.325250,1
818,male,52,Marketing,2,12,79,3,0,2025-08-31 00:55:49.325250,1
819,female,55,Marketing,3,16,77,8,0,2025-11-30 00:55:49.325250,1
820,male,45,HR,3,21,66,3,0,2025-07-27 00:55:49.325250,1
821,male,56,Marketing,2,3,52,8,0,2025-09-03 00:55:49.325250,1
822,female,27,HR,2,0,65,6,0,2025-12-31 00:55:49.325250,0
823,female,40,Engineering,4,0,95,1,0,2025-07-20 00:55:49.325250,0
824,male,51,Sales,3,14,79,8,0,2025-09-24 00:55:49.325250,0
825,female,28,Finance,4,12,78,3,0,2025-08-27 00:55:49.325250,0
826,female,31,Engineering,3,16,94,7,0,2025-09-19 00:55:49.325250,1
827,male,53,Marketing,2,23,64,6,0,2025-11-03 00:55:49.325250,1
828,female,55,Finance,2,25,95,6,1,2025-12-06 00:55:49.325250,1
829,male,49,Sales,3,7,74,7,0,2025-12-25 00:55:49.325250,1
830,female,36,Sales,1,17,100,0,0,2025-11-12 00:55:49.325250,0
831,male,51,HR,2,12,87,4,0,2025-11-28 00:55:49.325250,1
832,male,58,Finance,3,22,91,1,0,2025-11-06 00:55:49.325250,1
833,male,50,HR,2,13,96,1,1,2025-08-24 00:55:49.325250,1
834,female,43,Engineering,3,7,87,0,0,2025-08-01 00:55:49.325250,1
835,male,25,Finance,2,7,72,4,1,2025-12-07 00:55:49.325250,1
836,female,41,Engineering,4,25,74,1,0,2025-08-02 00:55:49.325250,1
837,male,53,HR,1,14,91,3,0,2025-10-02 00:55:49.325250,1
838,male,57,Finance,2,12,56,2,1,2025-09-07 00:55:49.325250,1
839,female,25,HR,3,6,71,2,0,2026-01-06 00:55:49.325250,0
840,male,48,Finance,2,4,66,1,0,2025-09-24 00:55:49.325250,0
841,male,38,HR,3,16,67,5,0,2025-10-18 00:55:49.325250,1
842,female,33,Sales,3,24,98,1,1,2025-12-13 00:55:49.325250,1
843,male,43,HR,2,15,90,7,0,2025-12-17 00:55:49.325250,1
844,male,38,Sales,2,22,59,7,1,2025-10-30 00:55:49.325250,1
845,male,31,HR,2,1,59,4,0,2025-11-04 00:55:49.325250,0
846,male,22,Finance,2,21,56,6,1,2025-12-18 00:55:49.325250,1
847,female,43,Finance,4,17,97,3,0,2025-08-23 00:55:49.325250,1
848,female,47,Finance,3,16,99,0,1,2025-09-18 00:55:49.325250,0
849,male,39,Marketing,3,6,87,1,0,2025-09-20 00:55:49.325250,1
850,female,35,Engineering,3,12,76,3,1,2025-09-28 00:55:49.325250,1
851,male,50,Finance,2,17,82,0,0,2025-10-10 00:55:49.325250,1
852,female,33,Sales,4,13,50,7,0,2025-10-31 00:55:49.325250,0
853,male,57,Finance,3,17,93,8,0,2025-11-01 00:55:49.325250,1
854,male,56,Marketing,3,12,83,3,0,2025-10-23 00:55:49.325250,1
855,male,33,Sales,3,10,53,2,0,2025-12-04 00:55:49.325250,1
856,male,28,Marketing,2,20,66,1,1,2025-07-31 00:55:49.325250,1
857,male,50,Sales,3,20,53,4,1,2026-01-07 00:55:49.325250,1
858,male,32,HR,2,15,92,2,0,2025-09-20 00:55:49.325250,1
859,female,54,Engineering,2,22,75,6,1,2025-09-13 00:55:49.325250,1
860,male,27,Engineering,2,16,53,5,0,2025-09-25 00:55:49.325250,1
861,female,36,Marketing,4,7,50,0,0,2025-12-17 00:55:49.325250,0
862,male,53,Engineering,3,18,56,7,1,2025-12-12 00:55:49.325250,1
863,female,32,Marketing,3,19,79,1,0,2025-10-24 00:55:49.325250,0
864,female,44,Marketing,3,14,99,4,1,2025-09-25 00:55:49.325250,1
865,female,47,Marketing,2,8,58,8,0,2025-11-17 00:55:49.325250,0
866,male,55,Engineering,4,19,84,7,0,2025-12-13 00:55:49.325250,1
867,male,55,Marketing,2,9,57,1,0,2025-09-06 00:55:49.325250,0
868,female,50,Engineering,2,11,73,8,0,2025-08-03 00:55:49.325250,0
869,male,25,Marketing,2,20,68,4,0,2025-10-09 00:55:49.325250,0
870,female,38,Finance,3,22,85,5,1,2025-07-31 00:55:49.325250,1
871,male,56,Marketing,3,19,99,2,1,2025-12-18 00:55:49.325250,1
872,female,34,Sales,2,0,92,2,1,2025-08-07 00:55:49.325250,0
873,female,60,Marketing,1,24,76,7,0,2025-12-29 00:55:49.325250,1
874,male,36,HR,3,19,81,1,0,2025-12-28 00:55:49.325250,1
875,female,50,Marketing,1,8,63,1,0,2025-08-04 00:55:49.325250,0
876,male,50,Sales,3,21,67,4,0,2025-08-28 00:55:49.325250,1
877,female,32,Sales,4,14,77,5,0,2025-07-25 00:55:49.325250,1
878,female,53,Engineering,2,0,78,1,1,2025-09-16 00:55:49.325250,1
879,male,23,Finance,2,11,65,4,0,2025-12-03 00:55:49.325250,0
880,male,35,Marketing,3,2,84,6,0,2025-09-23 00:55:49.325250,1
881,male,41,Engineering,3,10,96,7,0,2025-12-15 00:55:49.325250,1
882,female,43,Finance,2,1,80,6,0,2025-09-27 00:55:49.325250,0
883,male,32,Marketing,4,15,53,7,0,2025-12-22 00:55:49.325250,1
884,female,48,HR,1,8,86,8,1,2025-12-28 00:55:49.325250,1
885,female,24,Marketing,2,14,66,4,0,2025-08-12 00:55:49.325250,0
886,male,38,Sales,3,11,88,4,1,2025-10-05 00:55:49.325250,1
887,male,49,Sales,3,0,97,3,0,2025-12-19 00:55:49.325250,1
888,female,50,HR,2,12,95,8,0,2025-09-09 00:55:49.325250,1
889,female,42,Engineering,3,13,75,4,0,2025-08-22 00:55:49.325250,0
890,male,37,Finance,2,24,97,1,1,2025-11-01 00:55:49.325250,1
891,male,58,Marketing,2,24,88,7,1,2025-10-16 00:55:49.325250,1
892,male,41,Sales,2,7,90,6,0,2025-12-27 00:55:49.325250,0
893,male,27,Engineering,3,7,53,7,0,2025-11-11 00:55:49.325250,0
894,male,40,HR,2,11,79,2,0,2025-12-15 00:55:49.325250,1
895,female,26,Sales,2,0,79,3,0,2025-12-24 00:55:49.325250,0
896,female,24,HR,2,10,71,4,1,2025-10-25 00:55:49.325250,1
897,female,22,Marketing,3,7,60,5,0,2025-09-24 00:55:49.325250,0
898,female,59,Finance,3,9,51,0,0,2025-11-21 00:55:49.325250,0
899,male,36,Sales,3,18,93,3,0,2025-10-19 00:55:49.325250,1
900,male,55,Sales,2,10,61,4,0,2025-11-15 00:55:49.325250,0
901,male,56,Marketing,3,6,79,6,0,2025-11-27 00:55:49.325250,1
902,female,46,Engineering,2,10,85,4,0,2026-01-03 00:55:49.325250,0
903,female,45,Finance,3,16,67,0,1,2025-09-25 00:55:49.325250,1
904,male,33,Sales,4,0,75,6,1,2025-07-26 00:55:49.325250,1
905,male,39,Finance,1,25,56,7,0,2025-08-19 00:55:49.325250,1
906,female,36,Sales,3,20,50,6,1,2025-11-29 00:55:49.325250,1
907,female,37,Finance,1,20,75,3,0,2025-08-26 00:55:49.325250,0
908,male,48,HR,2,7,72,7,0,2025-12-04 00:55:49.325250,1
909,male,29,Sales,2,22,75,4,0,2025-12-22 00:55:49.325250,0
910,female,46,Finance,2,23,94,8,0,2025-09-25 00:55:49.325250,1
911,male,38,Engineering,2,5,55,4,0,2025-12-28 00:55:49.325250,0
912,male,50,HR,3,21,55,0,0,2025-08-10 00:55:49.325250,1
913,male,29,HR,2,17,93,8,0,2025-07-30 00:55:49.325250,1
914,female,36,Engineering,3,5,57,4,1,2025-08-01 00:55:49.325250,1
915,female,48,Finance,2,4,73,5,0,2025-07-26 00:55:49.325250,1
916,female,28,Marketing,1,12,71,3,0,2025-12-21 00:55:49.325250,0
917,female,24,Engineering,3,18,68,5,0,2026-01-05 00:55:49.325250,1
918,female,50,Finance,2,21,86,7,0,2025-09-04 00:55:49.325250,0
919,female,45,Engineering,2,7,67,2,0,2025-08-12 00:55:49.325250,0
920,female,24,Engineering,3,8,80,4,1,2025-09-08 00:55:49.325250,1
921,male,41,Sales,2,16,86,1,0,2025-10-24 00:55:49.325250,0
922,male,36,Finance,1,2,79,1,0,2025-12-29 00:55:49.325250,0
923,male,46,Marketing,2,18,91,6,0,2025-11-17 00:55:49.325250,1
924,male,51,Sales,4,10,82,5,0,2025-12-17 00:55:49.325250,1
925,male,35,Engineering,3,23,59,3,0,2025-08-06 00:55:49.325250,1
926,male,28,Engineering,3,16,86,4,0,2025-07-31 00:55:49.325250,1
927,male,38,Engineering,3,20,61,0,0,2025-11-25 00:55:49.325250,0
928,female,41,Finance,2,18,79,6,0,2025-07-15 00:55:49.325250,0
929,female,57,Finance,2,1,76,7,0,2025-10-06 00:55:49.325250,0
930,male,30,Sales,3,7,88,8,1,2025-12-04 00:55:49.325250,1
931,male,59,Marketing,2,18,58,7,0,2025-12-01 00:55:49.325250,0
932,female,43,Sales,2,6,70,4,1,2025-07-21 00:55:49.325250,1
933,male,23,HR,2,16,61,2,1,2025-10-14 00:55:49.325250,1
934,male,45,Engineering,2,5,78,8,0,2025-12-08 00:55:49.325250,1
935,female,29,Engineering,4,18,82,5,0,2025-12-24 00:55:49.325250,1
936,male,32,Engineering,1,23,92,4,0,2025-11-28 00:55:49.325250,1
937,female,34,Sales,2,5,64,2,0,2025-08-01 00:55:49.325250,0
938,male,38,Sales,2,1,51,5,0,2025-08-16 00:55:49.325250,0
939,female,29,Engineering,4,5,88,2,1,2025-09-03 00:55:49.325250,1
940,female,42,Sales,2,22,93,5,1,2026-01-03 00:55:49.325250,1
941,female,39,Finance,2,4,67,3,0,2025-10-30 00:55:49.325250,0
942,male,51,Finance,3,18,52,1,0,2026-01-08 00:55:49.325250,0
943,female,39,Sales,3,19,56,7,0,2025-11-25 00:55:49.325250,0
944,male,52,Engineering,2,3,92,3,1,2025-07-16 00:55:49.325250,1
945,male,59,Sales,2,21,67,8,0,2025-12-14 00:55:49.325250,0
946,male,53,Sales,2,25,93,6,0,2025-12-31 00:55:49.325250,1
947,male,32,Sales,2,16,87,1,1,2025-12-27 00:55:49.325250,1
948,female,46,HR,2,10,86,3,0,2025-10-22 00:55:49.325250,0
949,female,54,Finance,2,3,82,4,1,2025-08-28 00:55:49.325250,0
950,male,59,Marketing,2,25,93,2,0,2025-10-14 00:55:49.325250,1
951,male,29,Marketing,2,12,80,8,0,2025-12-31 00:55:49.325250,0
952,female,32,HR,3,19,60,4,1,2025-08-29 00:55:49.325250,1
953,male,43,Sales,4,25,53,1,0,2025-10-11 00:55:49.325250,0
954,female,45,HR,3,16,67,2,0,2026-01-08 00:55:49.325250,0
955,male,38,HR,1,8,53,8,0,2025-10-04 00:55:49.325250,0
956,male,33,Engineering,1,3,98,6,0,2025-09-18 00:55:49.325250,0
957,female,53,Finance,4,22,83,1,0,2025-11-28 00:55:49.325250,1
958,male,36,Marketing,2,13,78,8,0,2025-11-14 00:55:49.325250,1
959,female,37,Sales,1,18,73,3,0,2025-09-23 00:55:49.325250,0
960,male,43,Marketing,2,25,71,8,0,2025-07-16 00:55:49.325250,1
961,male,49,Marketing,3,2,51,1,1,2025-09-26 00:55:49.325250,1
962,male,41,Finance,3,13,93,3,1,2025-09-23 00:55:49.325250,1
963,female,54,Marketing,2,7,55,4,0,2025-09-27 00:55:49.325250,0
964,male,31,Marketing,1,23,91,1,0,2025-08-29 00:55:49.325250,1
965,male,53,HR,4,0,74,0,0,2025-12-13 00:55:49.325250,0
966,male,54,Finance,2,9,70,6,0,2025-10-22 00:55:49.325250,0
967,male,23,Engineering,3,17,65,0,1,2025-10-26 00:55:49.325250,1
968,female,54,Sales,3,15,80,7,1,2025-09-27 00:55:49.325250,1
969,female,54,Marketing,3,7,63,2,0,2025-08-20 00:55:49.325250,0
970,male,34,Sales,2,0,88,5,0,2025-09-08 00:55:49.325250,0
971,female,51,Engineering,2,11,77,6,0,2025-07-31 00:55:49.325250,0
972,male,54,Sales,2,7,81,0,0,2025-10-08 00:55:49.325250,0
973,male,34,Engineering,3,23,77,5,0,2025-11-02 00:55:49.325250,1
974,male,47,HR,4,15,100,6,1,2025-09-27 00:55:49.325250,1
975,female,43,Marketing,2,17,98,5,1,2025-09-27 00:55:49.325250,1
976,female,60,Engineering,2,3,58,3,0,2025-08-09 00:55:49.325250,0
977,female,23,Sales,4,5,94,0,0,2025-09-16 00:55:49.325250,0
978,female,59,Marketing,3,11,71,8,1,2025-07-22 00:55:49.325250,1
979,female,60,HR,3,8,81,3,0,2025-11-15 00:55:49.325250,0
980,female,47,Marketing,2,14,54,6,0,2025-09-08 00:55:49.325250,0
981,female,36,Engineering,2,15,72,6,0,2025-12-01 00:55:49.325250,1
982,female,55,HR,3,23,54,1,1,2025-11-14 00:55:49.325250,1
983,female,32,Sales,3,11,91,0,0,2025-11-01 00:55:49.325250,0
984,male,24,HR,2,23,81,7,0,2025-10-04 00:55:49.325250,1
985,female,27,HR,1,22,59,7,1,2025-12-02 00:55:49.325250,1
986,female,30,Finance,2,13,88,6,1,2025-10-16 00:55:49.325250,1
987,female,27,HR,2,12,64,7,1,2025-08-14 00:55:49.325250,1
988,female,30,HR,2,24,56,2,0,2025-12-04 00:55:49.325250,0
989,female,60,Marketing,4,1,78,1,0,2025-12-11 00:55:49.325250,1
990,female,52,Sales,2,2,96,6,1,2025-12-17 00:55:49.325250,1
991,female,53,Marketing,3,25,52,7,1,2025-11-30 00:55:49.325250,1
992,female,33,Marketing,2,23,68,0,0,2025-08-28 00:55:49.325250,0
993,female,29,Engineering,3,21,59,8,0,2025-11-01 00:55:49.325250,0
994,female,29,Marketing,4,9,77,3,1,2025-12-03 00:55:49.325250,0
995,female,49,Finance,2,8,78,3,1,2025-08-24 00:55:49.325250,1
996,male,41,Finance,1,25,64,2,0,2025-07-20 00:55:49.325250,0
997,male,28,Engineering,2,19,84,5,0,2025-07-15 00:55:49.325250,1
998,female,32,Sales,1,7,55,0,0,2025-11-14 00:55:49.325250,0
999,female,41,Sales,3,9,61,5,0,2025-07-24 00:55:49.325250,1
1000,male,37,Marketing,4,18,96,1,0,2025-10-04 00:55:49.325250,1
